<?xml version="1.0" encoding="UTF-8"?>
<project-private xmlns="http://www.netbeans.org/ns/project-private/1">
    <editor-bookmarks xmlns="http://www.netbeans.org/ns/editor-bookmarks/2" lastBookmarkId="0"/>
    <open-files xmlns="http://www.netbeans.org/ns/projectui-open-files/2">
        <group>
            <file>file:/C:/Users/Marie_Estelle/Documents/NetBeansProjects/Jeu%20d'echec/src/Model/Cavalier.java</file>
            <file>file:/C:/Users/Marie_Estelle/Documents/NetBeansProjects/Jeu%20d'echec/src/Model/Pion.java</file>
            <file>file:/C:/Users/Marie_Estelle/Documents/NetBeansProjects/Jeu%20d'echec/src/Model/Couleur.java</file>
            <file>file:/C:/Users/Marie_Estelle/Documents/NetBeansProjects/Jeu%20d'echec/src/View/Case.java</file>
            <file>file:/C:/Users/Marie_Estelle/Documents/NetBeansProjects/Jeu%20d'echec/src/Controller/EchiquierController.java</file>
            <file>file:/C:/Users/Marie_Estelle/Documents/NetBeansProjects/Jeu%20d'echec/src/Model/Roi.java</file>
            <file>file:/C:/Users/Marie_Estelle/Documents/NetBeansProjects/Jeu%20d'echec/src/Model/Dame.java</file>
            <file>file:/C:/Users/Marie_Estelle/Documents/NetBeansProjects/Jeu%20d'echec/src/View/CaseHandler.java</file>
            <file>file:/C:/Users/Marie_Estelle/Documents/NetBeansProjects/Jeu%20d'echec/src/Model/Fou.java</file>
            <file>file:/C:/Users/Marie_Estelle/Documents/NetBeansProjects/Jeu%20d'echec/src/View/View.java</file>
            <file>file:/C:/Users/Marie_Estelle/Documents/NetBeansProjects/Jeu%20d'echec/src/View/Echiquier.java</file>
            <file>file:/C:/Users/Marie_Estelle/Documents/NetBeansProjects/Jeu%20d'echec/src/Model/Tour.java</file>
            <file>file:/C:/Users/Marie_Estelle/Documents/NetBeansProjects/Jeu%20d'echec/src/Controller/MenuController.java</file>
            <file>file:/C:/Users/Marie_Estelle/Documents/NetBeansProjects/Jeu%20d'echec/src/Model/Plateau.java</file>
            <file>file:/C:/Users/Marie_Estelle/Documents/NetBeansProjects/Jeu%20d'echec/src/View/MinuteurView.java</file>
            <file>file:/C:/Users/Marie_Estelle/Documents/NetBeansProjects/Jeu%20d'echec/src/View/LabelInfo.java</file>
            <file>file:/C:/Users/Marie_Estelle/Documents/NetBeansProjects/Jeu%20d'echec/src/Controller/Controller.java</file>
            <file>file:/C:/Users/Marie_Estelle/Documents/NetBeansProjects/Jeu%20d'echec/src/Model/Joueur.java</file>
            <file>file:/C:/Users/Marie_Estelle/Documents/NetBeansProjects/Jeu%20d'echec/src/Model/Point.java</file>
            <file>file:/C:/Users/Marie_Estelle/Documents/NetBeansProjects/Jeu%20d'echec/src/Model/Piece.java</file>
            <file>file:/C:/Users/Marie_Estelle/Documents/NetBeansProjects/Jeu%20d'echec/src/Model/Model.java</file>
            <file>file:/C:/Users/Marie_Estelle/Documents/NetBeansProjects/Jeu%20d'echec/src/Model/Minuteur.java</file>
            <file>file:/C:/Users/Marie_Estelle/Documents/NetBeansProjects/Jeu%20d'echec/src/Model/Type.java</file>
            <file>file:/C:/Users/Marie_Estelle/Documents/NetBeansProjects/Jeu%20d'echec/src/Model/Coup.java</file>
        </group>
    </open-files>
</project-private>
